payment_id,customer_id,amount,currency,failure_reason,failure_message,attempt_count,customer_success_rate,previous_payments,subscription_status,days_since_failure,previous_recovery_attempts,payment_already_succeeded,ground_truth_action,ground_truth_recoverable,simulated_outcome
P0001,C1089,799.0,INR,AUTH_FAILURE,Customer did not complete OTP verification,1,0.89,15,NONE,0.01,0,False,CREATE_PAYMENT_LINK,True,SUCCESS
P0002,C1828,8999.0,INR,BANK_ERROR,Issuer returned a temporary processing error,0,1.0,26,NONE,0.22,0,False,RETRY_PAYMENT,True,FAIL
P0003,C1003,8999.0,INR,EXPIRED_CARD,Saved card has passed its expiry date,1,0.82,11,ACTIVE,0.5,0,False,CREATE_PAYMENT_LINK,True,SUCCESS
P0004,C1081,299.0,INR,INSUFFICIENT_FUNDS,Insufficient funds in account,1,0.68,2,NONE,0.05,0,False,WAIT_AND_RETRY,True,SUCCESS
P0005,C1276,2999.0,INR,INSUFFICIENT_FUNDS,Insufficient funds in account,0,0.73,38,NONE,2.27,1,False,WAIT_AND_RETRY,True,SUCCESS
P0006,C1671,599.0,INR,INSUFFICIENT_FUNDS,Card declined: insufficient balance,1,0.71,36,NONE,3.46,0,False,WAIT_AND_RETRY,True,SUCCESS
P0007,C1093,1299.0,INR,REPEATED_FAILURE,Multiple consecutive failures on this payment,3,0.76,37,NONE,0.04,0,False,ESCALATE_TO_HUMAN,False,N/A
P0008,C1965,1499.0,INR,AUTH_FAILURE,3-D Secure / OTP authentication failed,0,0.91,33,NONE,0.05,0,False,CREATE_PAYMENT_LINK,True,EXPIRED
P0009,C1861,799.0,INR,INSUFFICIENT_FUNDS,Insufficient funds in account,0,0.86,32,NONE,0.19,0,False,WAIT_AND_RETRY,True,FAIL
P0010,C1851,7999.0,INR,SUBSCRIPTION_FAILURE,Auto-debit for subscription cycle declined,0,0.67,1,ACTIVE,0.41,1,False,CREATE_PAYMENT_LINK,True,SUCCESS
P0011,C1893,1999.0,INR,EXPIRED_CARD,Saved card has passed its expiry date,0,0.97,8,NONE,0.59,0,False,CREATE_PAYMENT_LINK,True,EXPIRED
P0012,C1021,1999.0,INR,PAYMENT_TIMEOUT,Payment session timed out before completion,0,0.97,28,PAST_DUE,0.4,0,False,RETRY_PAYMENT,True,SUCCESS
P0013,C1903,1999.0,INR,BANK_TIMEOUT,Gateway timeout while contacting issuer,0,0.82,15,NONE,0.56,1,False,RETRY_PAYMENT,True,SUCCESS
P0014,C1100,1499.0,INR,INSUFFICIENT_FUNDS,Insufficient funds in account,1,1.0,3,NONE,3.27,1,False,WAIT_AND_RETRY,True,SUCCESS
P0015,C1876,499.0,INR,EXPIRED_CARD,Card expired,0,0.55,17,NONE,0.01,0,True,MARK_UNRECOVERABLE,False,N/A
P0016,C1885,3999.0,INR,BANK_TIMEOUT,Gateway timeout while contacting issuer,0,0.92,10,NONE,0.01,0,False,RETRY_PAYMENT,True,FAIL
P0017,C1555,1999.0,INR,REPEATED_FAILURE,Multiple consecutive failures on this payment,2,0.92,31,NONE,1.65,0,False,ESCALATE_TO_HUMAN,False,N/A
P0018,C1691,1999.0,INR,CHECKOUT_ABANDONED,Customer left checkout before paying,1,0.95,5,ACTIVE,2.54,1,False,CREATE_PAYMENT_LINK,True,FAIL
P0019,C1134,8999.0,INR,INSUFFICIENT_FUNDS,Card declined: insufficient balance,1,0.94,20,PAST_DUE,4.63,0,False,WAIT_AND_RETRY,True,SUCCESS
P0020,C1955,11999.0,INR,SUSPECTED_FRAUD,Issuer declined: suspected fraud,0,0.81,34,NONE,0.06,0,False,ESCALATE_TO_HUMAN,False,N/A
P0021,C1954,8999.0,INR,CHECKOUT_ABANDONED,Customer left checkout before paying,1,0.5,0,NONE,0.18,1,False,CREATE_PAYMENT_LINK,True,SUCCESS
P0022,C1929,999.0,INR,INSUFFICIENT_FUNDS,Insufficient funds in account,0,0.74,13,NONE,0.05,1,False,WAIT_AND_RETRY,True,SUCCESS
P0023,C1009,12999.0,INR,BANK_TIMEOUT,Issuing bank did not respond in time,0,0.58,28,NONE,0.06,0,False,ESCALATE_TO_HUMAN,False,N/A
P0024,C1995,1999.0,INR,BANK_TIMEOUT,Issuing bank did not respond in time,0,0.81,9,NONE,1.77,0,False,RETRY_PAYMENT,True,FAIL
P0025,C1830,499.0,INR,SUBSCRIPTION_FAILURE,Recurring mandate debit failed,1,0.87,15,CANCELLED,2.43,0,False,MARK_UNRECOVERABLE,False,N/A
P0026,C1481,3999.0,INR,SUBSCRIPTION_FAILURE,Recurring mandate debit failed,0,0.98,17,ACTIVE,0.56,0,False,RETRY_PAYMENT,True,FAIL
P0027,C1990,599.0,INR,BANK_ERROR,Bank system unavailable (5xx),0,1.0,25,NONE,2.11,0,False,RETRY_PAYMENT,True,SUCCESS
P0028,C1353,799.0,INR,SUBSCRIPTION_FAILURE,Auto-debit for subscription cycle declined,0,0.47,11,PAST_DUE,3.13,0,False,CREATE_PAYMENT_LINK,True,EXPIRED
P0029,C1638,1999.0,INR,PAYMENT_TIMEOUT,Customer session expired at gateway,0,0.64,12,PAST_DUE,0.05,0,False,RETRY_PAYMENT,True,SUCCESS
P0030,C1630,499.0,INR,INSUFFICIENT_FUNDS,Card declined: insufficient balance,1,0.54,12,NONE,3.06,0,False,WAIT_AND_RETRY,True,SUCCESS
P0031,C1812,7999.0,INR,AUTH_FAILURE,3-D Secure / OTP authentication failed,0,1.0,28,PAST_DUE,0.05,0,False,CREATE_PAYMENT_LINK,True,SUCCESS
P0032,C1625,799.0,INR,CARD_BLOCKED,Card blocked by issuer,0,0.88,14,NONE,4.83,0,False,ESCALATE_TO_HUMAN,False,N/A
P0033,C1797,599.0,INR,PAYMENT_TIMEOUT,Customer session expired at gateway,0,0.77,9,ACTIVE,0.44,2,False,ESCALATE_TO_HUMAN,False,N/A
P0034,C1324,299.0,INR,BANK_TIMEOUT,Gateway timeout while contacting issuer,0,0.96,29,NONE,6.79,1,False,RETRY_PAYMENT,True,SUCCESS
P0035,C1496,599.0,INR,SUBSCRIPTION_FAILURE,Recurring mandate debit failed,0,0.97,40,PAST_DUE,0.98,0,False,RETRY_PAYMENT,True,SUCCESS
P0036,C1338,499.0,INR,SUBSCRIPTION_FAILURE,Auto-debit for subscription cycle declined,0,0.79,14,ACTIVE,2.47,1,False,RETRY_PAYMENT,True,FAIL
P0037,C1771,1299.0,INR,CARD_BLOCKED,Do-not-honour response from issuer,0,0.91,30,NONE,3.05,0,False,ESCALATE_TO_HUMAN,False,N/A
P0038,C1741,799.0,INR,SUBSCRIPTION_FAILURE,Recurring mandate debit failed,1,0.7,27,PAST_DUE,5.84,2,False,ESCALATE_TO_HUMAN,False,N/A
P0039,C1472,2499.0,INR,SUBSCRIPTION_FAILURE,Recurring mandate debit failed,0,0.86,5,ACTIVE,0.01,0,False,RETRY_PAYMENT,True,SUCCESS
P0040,C1974,1299.0,INR,SUBSCRIPTION_FAILURE,Auto-debit for subscription cycle declined,1,0.94,16,ACTIVE,0.53,1,False,RETRY_PAYMENT,True,FAIL
P0041,C1577,199.0,INR,CARD_BLOCKED,Card blocked by issuer,0,0.7,39,ACTIVE,5.4,1,False,ESCALATE_TO_HUMAN,False,N/A
P0042,C1042,2499.0,INR,BANK_TIMEOUT,Issuing bank did not respond in time,0,0.88,8,NONE,0.02,0,False,RETRY_PAYMENT,True,SUCCESS
P0043,C1438,299.0,INR,PAYMENT_TIMEOUT,Customer session expired at gateway,1,0.83,36,NONE,0.05,0,False,RETRY_PAYMENT,True,FAIL
P0044,C1827,49999.0,INR,BANK_TIMEOUT,Gateway timeout while contacting issuer,2,0.63,9,NONE,4.87,0,False,ESCALATE_TO_HUMAN,False,N/A
P0045,C1583,2999.0,INR,CHECKOUT_ABANDONED,Checkout closed at payment step,1,0.95,17,PAST_DUE,1.62,1,False,CREATE_PAYMENT_LINK,True,SUCCESS
P0046,C1500,799.0,INR,CHECKOUT_ABANDONED,Customer left checkout before paying,0,1.0,35,NONE,5.29,0,False,CREATE_PAYMENT_LINK,True,SUCCESS
P0047,C1352,4999.0,INR,BANK_ERROR,Bank system unavailable (5xx),0,0.87,37,NONE,6.53,0,False,RETRY_PAYMENT,True,SUCCESS
P0048,C1283,299.0,INR,BANK_TIMEOUT,Gateway timeout while contacting issuer,0,1.0,34,NONE,0.06,0,False,RETRY_PAYMENT,True,SUCCESS
P0049,C1129,199.0,INR,PAYMENT_TIMEOUT,Customer session expired at gateway,0,0.78,3,NONE,0.06,0,False,RETRY_PAYMENT,True,SUCCESS
P0050,C1054,1499.0,INR,BANK_ERROR,Issuer returned a temporary processing error,0,0.92,7,NONE,0.22,1,False,RETRY_PAYMENT,True,SUCCESS
P0051,C1304,599.0,INR,AUTH_FAILURE,Customer did not complete OTP verification,0,0.71,33,NONE,1.03,0,False,CREATE_PAYMENT_LINK,True,SUCCESS
P0052,C1705,4999.0,INR,REPEATED_FAILURE,Card declined repeatedly by issuer,2,0.9,5,PAST_DUE,0.81,0,False,ESCALATE_TO_HUMAN,False,N/A
P0053,C1677,599.0,INR,CHECKOUT_ABANDONED,Customer left checkout before paying,1,0.93,16,NONE,2.54,0,False,CREATE_PAYMENT_LINK,True,SUCCESS
P0054,C1716,799.0,INR,BANK_TIMEOUT,Gateway timeout while contacting issuer,0,0.85,38,PAST_DUE,1.0,0,False,RETRY_PAYMENT,True,SUCCESS
P0055,C1856,799.0,INR,INSUFFICIENT_FUNDS,Insufficient funds in account,0,0.66,1,NONE,1.03,1,False,WAIT_AND_RETRY,True,FAIL
P0056,C1328,1299.0,INR,EXPIRED_CARD,Card expired,0,1.0,40,NONE,0.19,0,False,CREATE_PAYMENT_LINK,True,FAIL
P0057,C1413,999.0,INR,AUTH_FAILURE,3-D Secure / OTP authentication failed,0,0.49,16,NONE,6.89,0,False,CREATE_PAYMENT_LINK,True,EXPIRED
P0058,C1029,799.0,INR,EXPIRED_CARD,Card expired,1,0.93,35,NONE,0.18,0,False,CREATE_PAYMENT_LINK,True,SUCCESS
P0059,C1521,299.0,INR,CHECKOUT_ABANDONED,Checkout closed at payment step,0,0.94,9,NONE,3.4,2,False,ESCALATE_TO_HUMAN,False,N/A
P0060,C1956,1999.0,INR,AUTH_FAILURE,Customer did not complete OTP verification,1,0.93,8,NONE,0.01,0,False,CREATE_PAYMENT_LINK,True,EXPIRED
P0061,C1466,999.0,INR,BANK_TIMEOUT,Gateway timeout while contacting issuer,0,0.76,21,NONE,0.6,0,False,RETRY_PAYMENT,True,FAIL
P0062,C1507,1499.0,INR,INSUFFICIENT_FUNDS,Insufficient funds in account,1,0.68,24,NONE,0.2,0,False,WAIT_AND_RETRY,True,FAIL
P0063,C1670,1499.0,INR,EXPIRED_CARD,Card expired,1,0.5,0,NONE,0.05,2,False,ESCALATE_TO_HUMAN,False,N/A
P0064,C1735,5999.0,INR,PAYMENT_TIMEOUT,Customer session expired at gateway,0,1.0,34,NONE,5.7,0,False,RETRY_PAYMENT,True,FAIL
P0065,C1925,6999.0,INR,SUSPECTED_FRAUD,Transaction flagged by risk engine,0,0.87,6,PAST_DUE,0.01,0,False,ESCALATE_TO_HUMAN,False,N/A
P0066,C1080,1299.0,INR,INSUFFICIENT_FUNDS,Card declined: insufficient balance,1,0.62,36,ACTIVE,0.5,0,False,WAIT_AND_RETRY,True,FAIL
P0067,C1601,7999.0,INR,EXPIRED_CARD,Saved card has passed its expiry date,0,0.81,18,NONE,3.23,0,False,CREATE_PAYMENT_LINK,True,FAIL
P0068,C1022,999.0,INR,BANK_TIMEOUT,Gateway timeout while contacting issuer,0,0.77,36,NONE,0.8,1,False,RETRY_PAYMENT,True,FAIL
P0069,C1694,4999.0,INR,SUBSCRIPTION_FAILURE,Recurring mandate debit failed,0,0.74,14,PAST_DUE,0.06,0,False,RETRY_PAYMENT,True,SUCCESS
P0070,C1205,2999.0,INR,AUTH_FAILURE,3-D Secure / OTP authentication failed,0,0.76,18,NONE,8.05,0,False,CREATE_PAYMENT_LINK,True,SUCCESS
P0071,C1144,49999.0,INR,BANK_ERROR,Issuer returned a temporary processing error,0,0.85,18,NONE,3.56,1,False,ESCALATE_TO_HUMAN,False,N/A
P0072,C1688,1999.0,INR,CHECKOUT_ABANDONED,Checkout closed at payment step,0,0.71,7,NONE,3.39,1,False,CREATE_PAYMENT_LINK,True,SUCCESS
P0073,C1309,19999.0,INR,BANK_TIMEOUT,Gateway timeout while contacting issuer,1,0.86,39,NONE,0.04,1,False,ESCALATE_TO_HUMAN,False,N/A
P0074,C1972,1999.0,INR,EXPIRED_CARD,Saved card has passed its expiry date,0,0.9,8,NONE,0.23,0,False,CREATE_PAYMENT_LINK,True,FAIL
P0075,C1376,3999.0,INR,INSUFFICIENT_FUNDS,Card declined: insufficient balance,0,0.75,28,NONE,0.01,0,False,WAIT_AND_RETRY,True,FAIL
P0076,C1805,2499.0,INR,EXPIRED_CARD,Card expired,1,0.89,3,ACTIVE,0.06,0,False,CREATE_PAYMENT_LINK,True,EXPIRED
P0077,C1178,2499.0,INR,REPEATED_FAILURE,Multiple consecutive failures on this payment,2,0.9,17,NONE,0.01,0,False,ESCALATE_TO_HUMAN,False,N/A
P0078,C1116,799.0,INR,AUTH_FAILURE,3-D Secure / OTP authentication failed,0,0.78,3,NONE,4.9,0,False,CREATE_PAYMENT_LINK,True,EXPIRED
P0079,C1411,8999.0,INR,AUTH_FAILURE,Customer did not complete OTP verification,0,0.48,19,NONE,0.05,1,False,CREATE_PAYMENT_LINK,True,SUCCESS
P0080,C1332,799.0,INR,AUTH_FAILURE,Customer did not complete OTP verification,0,0.95,39,NONE,6.43,0,False,CREATE_PAYMENT_LINK,True,EXPIRED
P0081,C1408,8999.0,INR,PAYMENT_TIMEOUT,Customer session expired at gateway,0,0.57,13,NONE,0.05,0,False,CREATE_PAYMENT_LINK,True,FAIL
P0082,C1381,299.0,INR,EXPIRED_CARD,Card expired,0,0.98,5,NONE,5.77,2,False,ESCALATE_TO_HUMAN,False,N/A
P0083,C1217,1299.0,INR,PAYMENT_TIMEOUT,Payment session timed out before completion,0,1.0,3,NONE,4.45,0,False,RETRY_PAYMENT,True,SUCCESS
P0084,C1628,1299.0,INR,REPEATED_FAILURE,Multiple consecutive failures on this payment,3,0.81,35,NONE,0.81,0,False,ESCALATE_TO_HUMAN,False,N/A
P0085,C1031,499.0,INR,SUBSCRIPTION_FAILURE,Recurring mandate debit failed,0,0.71,9,PAST_DUE,6.2,0,False,RETRY_PAYMENT,True,SUCCESS
P0086,C1050,2999.0,INR,REPEATED_FAILURE,Multiple consecutive failures on this payment,2,0.79,3,NONE,0.98,0,False,ESCALATE_TO_HUMAN,False,N/A
P0087,C1539,1999.0,INR,INSUFFICIENT_FUNDS,Card declined: insufficient balance,1,0.81,7,NONE,0.01,2,False,ESCALATE_TO_HUMAN,False,N/A
P0088,C1764,12999.0,INR,BANK_ERROR,Bank system unavailable (5xx),0,0.91,16,PAST_DUE,0.17,0,False,ESCALATE_TO_HUMAN,False,N/A
P0089,C1079,5999.0,INR,AUTH_FAILURE,Customer did not complete OTP verification,0,0.65,4,NONE,3.09,0,False,CREATE_PAYMENT_LINK,True,SUCCESS
P0090,C1249,1499.0,INR,BANK_TIMEOUT,Gateway timeout while contacting issuer,0,1.0,23,NONE,3.03,0,False,RETRY_PAYMENT,True,SUCCESS
P0091,C1744,1999.0,INR,INSUFFICIENT_FUNDS,Insufficient funds in account,2,0.99,40,NONE,0.42,0,False,ESCALATE_TO_HUMAN,False,N/A
P0092,C1475,2999.0,INR,BANK_TIMEOUT,Gateway timeout while contacting issuer,2,0.97,11,NONE,2.29,0,False,ESCALATE_TO_HUMAN,False,N/A
P0093,C1038,799.0,INR,BANK_TIMEOUT,Issuing bank did not respond in time,0,0.73,17,NONE,2.27,0,False,RETRY_PAYMENT,True,FAIL
P0094,C1917,1499.0,INR,AUTH_FAILURE,3-D Secure / OTP authentication failed,0,0.77,37,NONE,5.82,0,False,CREATE_PAYMENT_LINK,True,EXPIRED
P0095,C1449,999.0,INR,CARD_BLOCKED,Card blocked by issuer,0,0.76,5,NONE,1.9,0,False,ESCALATE_TO_HUMAN,False,N/A
P0096,C1395,5999.0,INR,INSUFFICIENT_FUNDS,Card declined: insufficient balance,0,0.85,4,NONE,1.09,0,False,WAIT_AND_RETRY,True,FAIL
P0097,C1317,3499.0,INR,INSUFFICIENT_FUNDS,Card declined: insufficient balance,1,0.77,22,ACTIVE,2.25,0,False,WAIT_AND_RETRY,True,FAIL
P0098,C1184,1299.0,INR,PAYMENT_TIMEOUT,Payment session timed out before completion,0,1.0,32,NONE,2.36,0,False,RETRY_PAYMENT,True,SUCCESS
P0099,C1099,12999.0,INR,REPEATED_FAILURE,Card declined repeatedly by issuer,2,0.61,13,NONE,1.0,1,False,ESCALATE_TO_HUMAN,False,N/A
P0100,C1992,2499.0,INR,SUBSCRIPTION_FAILURE,Auto-debit for subscription cycle declined,0,0.57,26,PAST_DUE,1.1,1,False,CREATE_PAYMENT_LINK,True,SUCCESS
P0101,C1796,3999.0,INR,CARD_BLOCKED,Do-not-honour response from issuer,0,0.77,23,NONE,7.08,2,False,ESCALATE_TO_HUMAN,False,N/A
P0102,C1567,799.0,INR,CHECKOUT_ABANDONED,Customer left checkout before paying,0,0.67,3,NONE,7.98,0,False,CREATE_PAYMENT_LINK,True,FAIL
P0103,C1382,599.0,INR,BANK_TIMEOUT,Issuing bank did not respond in time,0,1.0,28,NONE,3.59,0,False,RETRY_PAYMENT,True,FAIL
P0104,C1483,3499.0,INR,CHECKOUT_ABANDONED,Customer left checkout before paying,0,0.62,8,NONE,4.9,0,False,CREATE_PAYMENT_LINK,True,FAIL
P0105,C1654,8999.0,INR,AUTH_FAILURE,Customer did not complete OTP verification,0,0.94,27,PAST_DUE,0.04,1,False,CREATE_PAYMENT_LINK,True,SUCCESS
P0106,C1246,499.0,INR,EXPIRED_CARD,Saved card has passed its expiry date,0,0.93,18,NONE,0.21,0,False,CREATE_PAYMENT_LINK,True,SUCCESS
P0107,C1382,1999.0,INR,EXPIRED_CARD,Saved card has passed its expiry date,0,1.0,35,NONE,0.01,0,False,CREATE_PAYMENT_LINK,True,EXPIRED
P0108,C1658,3499.0,INR,AUTH_FAILURE,3-D Secure / OTP authentication failed,0,0.89,2,NONE,5.96,0,False,CREATE_PAYMENT_LINK,True,SUCCESS
P0109,C1317,9999.0,INR,PAYMENT_TIMEOUT,Customer session expired at gateway,1,0.93,18,NONE,6.93,0,False,RETRY_PAYMENT,True,SUCCESS
P0110,C1910,999.0,INR,SUBSCRIPTION_FAILURE,Auto-debit for subscription cycle declined,0,1.0,17,ACTIVE,5.79,0,False,RETRY_PAYMENT,True,SUCCESS
P0111,C1558,15999.0,INR,EXPIRED_CARD,Saved card has passed its expiry date,0,0.84,5,NONE,1.68,0,False,ESCALATE_TO_HUMAN,False,N/A
P0112,C1629,3499.0,INR,EXPIRED_CARD,Saved card has passed its expiry date,0,0.79,28,PAST_DUE,1.06,1,False,CREATE_PAYMENT_LINK,True,EXPIRED
P0113,C1241,3499.0,INR,EXPIRED_CARD,Saved card has passed its expiry date,1,0.98,1,ACTIVE,1.91,0,False,CREATE_PAYMENT_LINK,True,FAIL
P0114,C1285,3499.0,INR,INSUFFICIENT_FUNDS,Insufficient funds in account,0,1.0,33,NONE,0.04,0,False,WAIT_AND_RETRY,True,FAIL
P0115,C1125,7999.0,INR,BANK_TIMEOUT,Issuing bank did not respond in time,2,0.97,13,NONE,0.05,1,False,ESCALATE_TO_HUMAN,False,N/A
P0116,C1297,5999.0,INR,BANK_TIMEOUT,Gateway timeout while contacting issuer,1,0.85,22,NONE,0.22,1,False,RETRY_PAYMENT,True,FAIL
P0117,C1117,1999.0,INR,BANK_ERROR,Bank system unavailable (5xx),1,0.79,6,NONE,0.1,1,False,RETRY_PAYMENT,True,FAIL
P0118,C1460,299.0,INR,INSUFFICIENT_FUNDS,Card declined: insufficient balance,3,1.0,8,NONE,6.56,1,False,ESCALATE_TO_HUMAN,False,N/A
P0119,C1311,499.0,INR,AUTH_FAILURE,3-D Secure / OTP authentication failed,1,0.55,27,NONE,0.19,0,False,CREATE_PAYMENT_LINK,True,FAIL
P0120,C1546,1999.0,INR,CHECKOUT_ABANDONED,Customer left checkout before paying,0,0.84,17,NONE,7.39,0,False,CREATE_PAYMENT_LINK,True,SUCCESS
P0121,C1789,19999.0,INR,AUTH_FAILURE,Customer did not complete OTP verification,0,1.0,36,NONE,0.55,0,False,ESCALATE_TO_HUMAN,False,N/A
P0122,C1701,4999.0,INR,EXPIRED_CARD,Saved card has passed its expiry date,0,0.93,19,NONE,0.98,0,False,CREATE_PAYMENT_LINK,True,SUCCESS
P0123,C1408,499.0,INR,EXPIRED_CARD,Card expired,3,0.93,20,NONE,2.01,0,False,ESCALATE_TO_HUMAN,False,N/A
P0124,C1884,499.0,INR,BANK_TIMEOUT,Gateway timeout while contacting issuer,0,0.75,6,NONE,0.59,1,False,RETRY_PAYMENT,True,FAIL
P0125,C1092,499.0,INR,REPEATED_FAILURE,Card declined repeatedly by issuer,2,1.0,31,NONE,6.88,0,False,ESCALATE_TO_HUMAN,False,N/A
P0126,C1441,1499.0,INR,BANK_TIMEOUT,Issuing bank did not respond in time,0,0.85,18,NONE,1.09,1,False,RETRY_PAYMENT,True,SUCCESS
P0127,C1638,1999.0,INR,AUTH_FAILURE,3-D Secure / OTP authentication failed,1,1.0,18,NONE,0.24,0,False,CREATE_PAYMENT_LINK,True,SUCCESS
P0128,C1046,3999.0,INR,SUBSCRIPTION_FAILURE,Recurring mandate debit failed,0,0.93,38,PAST_DUE,0.22,1,False,RETRY_PAYMENT,True,SUCCESS
P0129,C1519,999.0,INR,SUBSCRIPTION_FAILURE,Auto-debit for subscription cycle declined,1,0.69,10,PAST_DUE,0.99,0,False,CREATE_PAYMENT_LINK,True,SUCCESS
P0130,C1801,199.0,INR,INSUFFICIENT_FUNDS,Insufficient funds in account,0,0.98,38,NONE,0.01,0,False,WAIT_AND_RETRY,True,FAIL
P0131,C1428,599.0,INR,CHECKOUT_ABANDONED,Customer left checkout before paying,0,0.64,2,NONE,3.23,0,False,CREATE_PAYMENT_LINK,True,FAIL
P0132,C1678,499.0,INR,REPEATED_FAILURE,Card declined repeatedly by issuer,2,0.75,33,NONE,6.66,2,False,ESCALATE_TO_HUMAN,False,N/A
P0133,C1964,799.0,INR,EXPIRED_CARD,Saved card has passed its expiry date,0,0.48,39,NONE,1.08,0,False,CREATE_PAYMENT_LINK,True,EXPIRED
P0134,C1917,4999.0,INR,SUBSCRIPTION_FAILURE,Auto-debit for subscription cycle declined,0,0.89,7,PAST_DUE,2.36,1,False,RETRY_PAYMENT,True,SUCCESS
P0135,C1575,1499.0,INR,PAYMENT_TIMEOUT,Customer session expired at gateway,1,0.85,16,NONE,0.17,0,False,RETRY_PAYMENT,True,SUCCESS
P0136,C1483,599.0,INR,SUBSCRIPTION_FAILURE,Recurring mandate debit failed,0,0.75,3,ACTIVE,0.16,0,False,RETRY_PAYMENT,True,SUCCESS
P0137,C1787,7999.0,INR,SUBSCRIPTION_FAILURE,Recurring mandate debit failed,0,0.85,12,ACTIVE,0.51,0,False,RETRY_PAYMENT,True,FAIL
P0138,C1507,12999.0,INR,BANK_ERROR,Issuer returned a temporary processing error,3,0.73,2,NONE,1.15,0,False,ESCALATE_TO_HUMAN,False,N/A
P0139,C1871,15999.0,INR,BANK_TIMEOUT,Gateway timeout while contacting issuer,0,1.0,29,NONE,0.88,0,False,ESCALATE_TO_HUMAN,False,N/A
P0140,C1581,499.0,INR,EXPIRED_CARD,Card expired,1,0.5,0,NONE,0.21,0,False,CREATE_PAYMENT_LINK,True,EXPIRED
P0141,C1392,499.0,INR,INSUFFICIENT_FUNDS,Insufficient funds in account,0,0.84,30,PAST_DUE,5.51,2,False,ESCALATE_TO_HUMAN,False,N/A
P0142,C1514,999.0,INR,REPEATED_FAILURE,Card declined repeatedly by issuer,2,0.92,15,NONE,0.05,1,False,ESCALATE_TO_HUMAN,False,N/A
P0143,C1382,49999.0,INR,BANK_ERROR,Bank system unavailable (5xx),0,0.88,9,NONE,8.16,0,False,ESCALATE_TO_HUMAN,False,N/A
P0144,C1063,2999.0,INR,CHECKOUT_ABANDONED,Customer left checkout before paying,0,0.63,33,NONE,6.02,0,False,CREATE_PAYMENT_LINK,True,SUCCESS
P0145,C1525,2999.0,INR,BANK_ERROR,Bank system unavailable (5xx),0,0.93,32,ACTIVE,5.13,0,False,RETRY_PAYMENT,True,SUCCESS
P0146,C1957,199.0,INR,BANK_TIMEOUT,Issuing bank did not respond in time,0,0.81,13,ACTIVE,4.06,0,False,RETRY_PAYMENT,True,FAIL
P0147,C1890,6999.0,INR,SUSPECTED_FRAUD,Issuer declined: suspected fraud,3,0.83,23,NONE,2.5,2,False,ESCALATE_TO_HUMAN,False,N/A
P0148,C1854,2999.0,INR,BANK_TIMEOUT,Issuing bank did not respond in time,0,1.0,11,NONE,0.01,0,False,RETRY_PAYMENT,True,SUCCESS
P0149,C1032,1499.0,INR,INSUFFICIENT_FUNDS,Card declined: insufficient balance,0,0.84,22,ACTIVE,0.01,0,False,WAIT_AND_RETRY,True,SUCCESS
P0150,C1057,3999.0,INR,PAYMENT_TIMEOUT,Payment session timed out before completion,0,0.76,2,NONE,8.38,0,False,ESCALATE_TO_HUMAN,False,N/A
P0151,C1423,999.0,INR,AUTH_FAILURE,Customer did not complete OTP verification,0,0.91,15,ACTIVE,0.82,1,False,CREATE_PAYMENT_LINK,True,FAIL
P0152,C1188,999.0,INR,INSUFFICIENT_FUNDS,Card declined: insufficient balance,0,0.88,24,PAST_DUE,0.57,0,False,WAIT_AND_RETRY,True,FAIL
P0153,C1261,1299.0,INR,SUBSCRIPTION_FAILURE,Recurring mandate debit failed,0,0.72,35,ACTIVE,2.12,1,False,RETRY_PAYMENT,True,SUCCESS
P0154,C1490,799.0,INR,REPEATED_FAILURE,Multiple consecutive failures on this payment,2,0.76,24,ACTIVE,1.84,1,False,ESCALATE_TO_HUMAN,False,N/A
P0155,C1406,7999.0,INR,BANK_ERROR,Issuer returned a temporary processing error,1,0.67,15,NONE,6.5,0,False,RETRY_PAYMENT,True,SUCCESS
P0156,C1936,1499.0,INR,INSUFFICIENT_FUNDS,Insufficient funds in account,0,1.0,29,NONE,1.85,0,False,WAIT_AND_RETRY,True,FAIL
P0157,C1388,1299.0,INR,BANK_TIMEOUT,Issuing bank did not respond in time,0,1.0,18,NONE,5.1,1,False,RETRY_PAYMENT,True,SUCCESS
P0158,C1500,7999.0,INR,EXPIRED_CARD,Card expired,0,0.98,29,NONE,8.37,2,False,ESCALATE_TO_HUMAN,False,N/A
P0159,C1236,199.0,INR,CHECKOUT_ABANDONED,Customer left checkout before paying,0,0.5,0,NONE,0.16,0,False,CREATE_PAYMENT_LINK,True,FAIL
P0160,C1012,1499.0,INR,AUTH_FAILURE,3-D Secure / OTP authentication failed,0,1.0,1,NONE,7.62,0,False,CREATE_PAYMENT_LINK,True,FAIL
P0161,C1258,12999.0,INR,INSUFFICIENT_FUNDS,Card declined: insufficient balance,0,1.0,6,NONE,1.12,0,False,ESCALATE_TO_HUMAN,False,N/A
P0162,C1669,599.0,INR,EXPIRED_CARD,Card expired,1,0.76,19,NONE,0.05,0,False,CREATE_PAYMENT_LINK,True,FAIL
P0163,C1235,5999.0,INR,BANK_TIMEOUT,Issuing bank did not respond in time,1,1.0,36,NONE,4.54,1,False,RETRY_PAYMENT,True,SUCCESS
P0164,C1770,3499.0,INR,AUTH_FAILURE,Customer did not complete OTP verification,0,0.79,20,ACTIVE,0.05,0,False,CREATE_PAYMENT_LINK,True,FAIL
P0165,C1858,499.0,INR,AUTH_FAILURE,3-D Secure / OTP authentication failed,0,0.44,5,NONE,2.08,0,False,CREATE_PAYMENT_LINK,True,EXPIRED
P0166,C1384,7999.0,INR,AUTH_FAILURE,Customer did not complete OTP verification,0,0.85,31,NONE,0.21,0,False,CREATE_PAYMENT_LINK,True,FAIL
P0167,C1109,499.0,INR,PAYMENT_TIMEOUT,Payment session timed out before completion,1,0.8,24,NONE,0.01,0,False,RETRY_PAYMENT,True,SUCCESS
P0168,C1362,1999.0,INR,BANK_TIMEOUT,Issuing bank did not respond in time,0,0.64,35,ACTIVE,2.29,0,False,RETRY_PAYMENT,True,FAIL
P0169,C1274,599.0,INR,REPEATED_FAILURE,Card declined repeatedly by issuer,2,0.62,36,NONE,0.17,0,False,ESCALATE_TO_HUMAN,False,N/A
P0170,C1631,799.0,INR,EXPIRED_CARD,Card expired,1,0.82,15,NONE,4.21,0,False,CREATE_PAYMENT_LINK,True,SUCCESS
P0171,C1139,5999.0,INR,AUTH_FAILURE,Customer did not complete OTP verification,1,0.71,28,NONE,2.08,0,False,CREATE_PAYMENT_LINK,True,SUCCESS
P0172,C1287,1499.0,INR,INSUFFICIENT_FUNDS,Card declined: insufficient balance,1,1.0,36,NONE,1.69,0,False,WAIT_AND_RETRY,True,SUCCESS
P0173,C1814,1499.0,INR,PAYMENT_TIMEOUT,Customer session expired at gateway,1,0.73,13,NONE,4.28,0,False,RETRY_PAYMENT,True,SUCCESS
P0174,C1518,1499.0,INR,INSUFFICIENT_FUNDS,Card declined: insufficient balance,0,0.9,38,NONE,5.7,2,False,ESCALATE_TO_HUMAN,False,N/A
P0175,C1045,2999.0,INR,CHECKOUT_ABANDONED,Checkout closed at payment step,0,0.88,6,NONE,2.37,0,True,MARK_UNRECOVERABLE,False,N/A
P0176,C1456,1999.0,INR,BANK_ERROR,Bank system unavailable (5xx),0,0.63,35,NONE,2.96,0,False,RETRY_PAYMENT,True,SUCCESS
P0177,C1356,799.0,INR,SUSPECTED_FRAUD,Issuer declined: suspected fraud,1,0.91,26,NONE,1.96,0,False,ESCALATE_TO_HUMAN,False,N/A
P0178,C1023,1499.0,INR,EXPIRED_CARD,Saved card has passed its expiry date,0,0.82,20,ACTIVE,0.05,0,False,CREATE_PAYMENT_LINK,True,SUCCESS
P0179,C1405,1999.0,INR,BANK_ERROR,Issuer returned a temporary processing error,0,0.96,27,PAST_DUE,0.49,0,True,MARK_UNRECOVERABLE,False,N/A
P0180,C1191,299.0,INR,BANK_ERROR,Bank system unavailable (5xx),0,0.82,36,NONE,1.76,0,False,RETRY_PAYMENT,True,SUCCESS
P0181,C1176,1299.0,INR,CARD_BLOCKED,Do-not-honour response from issuer,0,0.79,39,NONE,0.05,0,False,ESCALATE_TO_HUMAN,False,N/A
P0182,C1588,499.0,INR,BANK_TIMEOUT,Gateway timeout while contacting issuer,0,0.9,32,NONE,2.62,0,False,RETRY_PAYMENT,True,SUCCESS
P0183,C1974,1499.0,INR,SUSPECTED_FRAUD,Transaction flagged by risk engine,0,0.93,18,PAST_DUE,4.27,1,False,ESCALATE_TO_HUMAN,False,N/A
P0184,C1171,1499.0,INR,EXPIRED_CARD,Card expired,1,0.95,26,NONE,0.01,0,False,CREATE_PAYMENT_LINK,True,SUCCESS
P0185,C1375,7999.0,INR,INSUFFICIENT_FUNDS,Insufficient funds in account,0,0.65,35,NONE,5.09,2,False,ESCALATE_TO_HUMAN,False,N/A
P0186,C1836,4999.0,INR,CHECKOUT_ABANDONED,Customer left checkout before paying,0,0.84,2,NONE,5.73,0,False,CREATE_PAYMENT_LINK,True,SUCCESS
P0187,C1583,6999.0,INR,REPEATED_FAILURE,Card declined repeatedly by issuer,2,0.65,10,NONE,6.39,0,False,ESCALATE_TO_HUMAN,False,N/A
P0188,C1097,799.0,INR,PAYMENT_TIMEOUT,Payment session timed out before completion,3,0.67,32,NONE,3.5,2,False,ESCALATE_TO_HUMAN,False,N/A
P0189,C1501,3999.0,INR,BANK_TIMEOUT,Issuing bank did not respond in time,1,0.78,9,NONE,1.05,0,False,RETRY_PAYMENT,True,FAIL
P0190,C1595,799.0,INR,REPEATED_FAILURE,Multiple consecutive failures on this payment,2,0.58,23,NONE,0.05,0,False,ESCALATE_TO_HUMAN,False,N/A
P0191,C1848,1999.0,INR,INSUFFICIENT_FUNDS,Card declined: insufficient balance,0,0.88,25,NONE,2.04,0,False,WAIT_AND_RETRY,True,FAIL
P0192,C1016,2499.0,INR,SUBSCRIPTION_FAILURE,Recurring mandate debit failed,0,1.0,6,PAST_DUE,0.2,0,False,RETRY_PAYMENT,True,SUCCESS
P0193,C1084,799.0,INR,PAYMENT_TIMEOUT,Customer session expired at gateway,0,1.0,10,NONE,0.16,0,False,RETRY_PAYMENT,True,FAIL
P0194,C1531,299.0,INR,INSUFFICIENT_FUNDS,Card declined: insufficient balance,0,0.5,0,ACTIVE,0.01,0,False,WAIT_AND_RETRY,True,FAIL
P0195,C1105,599.0,INR,PAYMENT_TIMEOUT,Customer session expired at gateway,0,0.63,24,NONE,2.3,0,False,RETRY_PAYMENT,True,FAIL
P0196,C1739,12999.0,INR,BANK_TIMEOUT,Issuing bank did not respond in time,0,0.83,4,NONE,0.23,0,False,ESCALATE_TO_HUMAN,False,N/A
P0197,C1986,12999.0,INR,BANK_ERROR,Bank system unavailable (5xx),0,0.85,7,NONE,2.23,0,False,ESCALATE_TO_HUMAN,False,N/A
P0198,C1521,4999.0,INR,BANK_ERROR,Issuer returned a temporary processing error,0,0.98,1,NONE,2.75,0,False,RETRY_PAYMENT,True,FAIL
P0199,C1012,1499.0,INR,EXPIRED_CARD,Saved card has passed its expiry date,0,0.67,40,NONE,1.71,1,False,CREATE_PAYMENT_LINK,True,SUCCESS
P0200,C1971,2999.0,INR,PAYMENT_TIMEOUT,Customer session expired at gateway,0,0.83,1,NONE,6.4,0,False,RETRY_PAYMENT,True,SUCCESS
P0201,C1523,8999.0,INR,INSUFFICIENT_FUNDS,Insufficient funds in account,0,0.84,39,ACTIVE,0.2,0,False,WAIT_AND_RETRY,True,FAIL
P0202,C1623,1299.0,INR,PAYMENT_TIMEOUT,Payment session timed out before completion,0,0.91,15,NONE,1.07,0,False,RETRY_PAYMENT,True,SUCCESS
P0203,C1738,1499.0,INR,BANK_TIMEOUT,Gateway timeout while contacting issuer,0,0.87,22,NONE,0.19,0,False,RETRY_PAYMENT,True,SUCCESS
P0204,C1078,19999.0,INR,BANK_TIMEOUT,Gateway timeout while contacting issuer,1,0.84,27,NONE,5.02,0,False,ESCALATE_TO_HUMAN,False,N/A
P0205,C1045,299.0,INR,BANK_ERROR,Issuer returned a temporary processing error,1,0.9,36,ACTIVE,0.41,0,False,RETRY_PAYMENT,True,SUCCESS
P0206,C1079,1299.0,INR,CARD_BLOCKED,Do-not-honour response from issuer,1,0.78,14,NONE,0.05,1,False,ESCALATE_TO_HUMAN,False,N/A
P0207,C1792,24999.0,INR,CHECKOUT_ABANDONED,Checkout closed at payment step,1,0.99,4,NONE,1.67,0,False,ESCALATE_TO_HUMAN,False,N/A
P0208,C1750,3999.0,INR,INSUFFICIENT_FUNDS,Insufficient funds in account,3,0.58,29,NONE,0.16,0,False,ESCALATE_TO_HUMAN,False,N/A
P0209,C1869,2499.0,INR,INSUFFICIENT_FUNDS,Card declined: insufficient balance,0,1.0,21,NONE,0.04,2,False,ESCALATE_TO_HUMAN,False,N/A
P0210,C1210,999.0,INR,PAYMENT_TIMEOUT,Payment session timed out before completion,0,0.95,20,NONE,0.3,0,True,MARK_UNRECOVERABLE,False,N/A
P0211,C1987,2999.0,INR,BANK_TIMEOUT,Issuing bank did not respond in time,0,1.0,37,NONE,0.46,1,False,RETRY_PAYMENT,True,SUCCESS
P0212,C1111,1499.0,INR,CHECKOUT_ABANDONED,Customer left checkout before paying,0,0.89,17,NONE,0.04,0,False,CREATE_PAYMENT_LINK,True,FAIL
P0213,C1311,799.0,INR,BANK_ERROR,Issuer returned a temporary processing error,0,1.0,7,NONE,0.57,0,False,RETRY_PAYMENT,True,SUCCESS
P0214,C1569,799.0,INR,INSUFFICIENT_FUNDS,Insufficient funds in account,2,0.89,16,NONE,0.05,1,False,ESCALATE_TO_HUMAN,False,N/A
P0215,C1702,3999.0,INR,BANK_TIMEOUT,Issuing bank did not respond in time,0,0.77,8,NONE,1.17,0,False,RETRY_PAYMENT,True,SUCCESS
P0216,C1443,2999.0,INR,PAYMENT_TIMEOUT,Customer session expired at gateway,0,1.0,21,NONE,4.06,0,False,RETRY_PAYMENT,True,SUCCESS
P0217,C1662,499.0,INR,BANK_ERROR,Bank system unavailable (5xx),0,1.0,2,NONE,4.82,0,False,RETRY_PAYMENT,True,SUCCESS
P0218,C1800,1999.0,INR,BANK_TIMEOUT,Gateway timeout while contacting issuer,1,0.67,15,NONE,5.09,0,False,RETRY_PAYMENT,True,SUCCESS
P0219,C1797,999.0,INR,INSUFFICIENT_FUNDS,Card declined: insufficient balance,0,0.65,38,NONE,0.01,0,False,WAIT_AND_RETRY,True,FAIL
P0220,C1589,599.0,INR,BANK_ERROR,Bank system unavailable (5xx),2,0.82,15,ACTIVE,2.35,2,False,ESCALATE_TO_HUMAN,False,N/A
P0221,C1970,999.0,INR,BANK_ERROR,Issuer returned a temporary processing error,0,1.0,37,NONE,0.57,1,False,RETRY_PAYMENT,True,SUCCESS
P0222,C1628,199.0,INR,BANK_ERROR,Issuer returned a temporary processing error,0,0.83,14,NONE,0.19,0,False,RETRY_PAYMENT,True,FAIL
P0223,C1983,499.0,INR,BANK_TIMEOUT,Issuing bank did not respond in time,1,0.83,7,NONE,2.16,0,False,RETRY_PAYMENT,True,SUCCESS
P0224,C1710,24999.0,INR,INSUFFICIENT_FUNDS,Card declined: insufficient balance,0,1.0,40,NONE,0.53,1,False,ESCALATE_TO_HUMAN,False,N/A
P0225,C1400,499.0,INR,REPEATED_FAILURE,Multiple consecutive failures on this payment,2,0.5,0,NONE,0.21,1,False,ESCALATE_TO_HUMAN,False,N/A
P0226,C1327,1499.0,INR,BANK_ERROR,Issuer returned a temporary processing error,0,0.8,9,PAST_DUE,0.06,0,False,RETRY_PAYMENT,True,SUCCESS
P0227,C1750,299.0,INR,BANK_TIMEOUT,Gateway timeout while contacting issuer,0,0.85,22,NONE,0.23,0,False,RETRY_PAYMENT,True,SUCCESS
P0228,C1034,599.0,INR,BANK_TIMEOUT,Gateway timeout while contacting issuer,0,0.92,10,NONE,0.01,2,False,ESCALATE_TO_HUMAN,False,N/A
P0229,C1914,299.0,INR,BANK_ERROR,Bank system unavailable (5xx),0,1.0,35,NONE,0.01,0,False,RETRY_PAYMENT,True,SUCCESS
P0230,C1747,599.0,INR,BANK_TIMEOUT,Gateway timeout while contacting issuer,1,0.7,26,NONE,0.92,0,False,RETRY_PAYMENT,True,SUCCESS
P0231,C1099,199.0,INR,EXPIRED_CARD,Card expired,0,1.0,27,NONE,0.43,0,False,CREATE_PAYMENT_LINK,True,EXPIRED
P0232,C1379,799.0,INR,INSUFFICIENT_FUNDS,Card declined: insufficient balance,0,1.0,5,NONE,1.75,0,False,WAIT_AND_RETRY,True,SUCCESS
P0233,C1603,499.0,INR,CHECKOUT_ABANDONED,Customer left checkout before paying,0,0.97,6,NONE,5.77,0,False,CREATE_PAYMENT_LINK,True,FAIL
P0234,C1874,599.0,INR,SUBSCRIPTION_FAILURE,Recurring mandate debit failed,0,0.92,30,ACTIVE,7.2,0,False,ESCALATE_TO_HUMAN,False,N/A
P0235,C1433,1499.0,INR,SUSPECTED_FRAUD,Transaction flagged by risk engine,0,0.94,11,ACTIVE,2.64,1,False,ESCALATE_TO_HUMAN,False,N/A
P0236,C1333,299.0,INR,AUTH_FAILURE,Customer did not complete OTP verification,0,0.82,5,NONE,6.88,1,False,CREATE_PAYMENT_LINK,True,EXPIRED
P0237,C1576,499.0,INR,INSUFFICIENT_FUNDS,Insufficient funds in account,2,0.63,36,NONE,1.15,1,False,ESCALATE_TO_HUMAN,False,N/A
P0238,C1633,7999.0,INR,INSUFFICIENT_FUNDS,Card declined: insufficient balance,0,0.72,2,NONE,0.01,1,False,WAIT_AND_RETRY,True,SUCCESS
P0239,C1878,999.0,INR,EXPIRED_CARD,Card expired,0,0.71,1,NONE,0.43,2,False,ESCALATE_TO_HUMAN,False,N/A
P0240,C1935,1299.0,INR,CHECKOUT_ABANDONED,Checkout closed at payment step,0,1.0,38,ACTIVE,5.52,1,False,CREATE_PAYMENT_LINK,True,EXPIRED
P0241,C1857,499.0,INR,INSUFFICIENT_FUNDS,Insufficient funds in account,0,0.88,33,NONE,0.41,0,False,WAIT_AND_RETRY,True,SUCCESS
P0242,C1247,1299.0,INR,INSUFFICIENT_FUNDS,Card declined: insufficient balance,2,0.83,40,NONE,5.19,0,False,ESCALATE_TO_HUMAN,False,N/A
P0243,C1166,499.0,INR,AUTH_FAILURE,3-D Secure / OTP authentication failed,0,0.85,16,NONE,0.53,0,False,CREATE_PAYMENT_LINK,True,SUCCESS
P0244,C1615,2499.0,INR,BANK_TIMEOUT,Issuing bank did not respond in time,2,0.62,30,NONE,0.45,1,False,ESCALATE_TO_HUMAN,False,N/A
P0245,C1533,6999.0,INR,CARD_BLOCKED,Do-not-honour response from issuer,0,0.95,24,NONE,0.04,2,False,ESCALATE_TO_HUMAN,False,N/A
P0246,C1344,799.0,INR,CHECKOUT_ABANDONED,Checkout closed at payment step,1,0.72,19,NONE,2.29,0,False,CREATE_PAYMENT_LINK,True,EXPIRED
P0247,C1302,2499.0,INR,BANK_TIMEOUT,Gateway timeout while contacting issuer,0,0.74,38,PAST_DUE,2.89,0,False,RETRY_PAYMENT,True,FAIL
P0248,C1963,599.0,INR,CHECKOUT_ABANDONED,Checkout closed at payment step,0,0.92,34,NONE,6.44,0,False,CREATE_PAYMENT_LINK,True,EXPIRED
P0249,C1762,8999.0,INR,EXPIRED_CARD,Saved card has passed its expiry date,0,1.0,11,ACTIVE,3.35,0,False,CREATE_PAYMENT_LINK,True,SUCCESS
P0250,C1888,299.0,INR,CHECKOUT_ABANDONED,Checkout closed at payment step,1,0.74,30,NONE,6.44,0,False,CREATE_PAYMENT_LINK,True,SUCCESS
P0251,C1646,1499.0,INR,BANK_ERROR,Issuer returned a temporary processing error,1,0.75,9,NONE,2.11,0,False,RETRY_PAYMENT,True,FAIL
P0252,C1439,7999.0,INR,BANK_ERROR,Bank system unavailable (5xx),0,1.0,5,NONE,3.56,0,False,RETRY_PAYMENT,True,SUCCESS
P0253,C1319,999.0,INR,INSUFFICIENT_FUNDS,Insufficient funds in account,0,0.93,33,PAST_DUE,0.05,0,False,WAIT_AND_RETRY,True,FAIL
P0254,C1703,1999.0,INR,INSUFFICIENT_FUNDS,Insufficient funds in account,0,1.0,38,NONE,2.4,0,False,WAIT_AND_RETRY,True,SUCCESS
P0255,C1516,2499.0,INR,SUBSCRIPTION_FAILURE,Recurring mandate debit failed,0,0.92,14,ACTIVE,0.05,0,False,RETRY_PAYMENT,True,FAIL
P0256,C1669,199.0,INR,BANK_ERROR,Issuer returned a temporary processing error,3,1.0,38,NONE,0.01,0,False,ESCALATE_TO_HUMAN,False,N/A
P0257,C1678,499.0,INR,AUTH_FAILURE,Customer did not complete OTP verification,0,0.78,13,NONE,0.19,1,False,CREATE_PAYMENT_LINK,True,EXPIRED
P0258,C1366,599.0,INR,REPEATED_FAILURE,Card declined repeatedly by issuer,2,0.65,16,NONE,0.86,0,False,ESCALATE_TO_HUMAN,False,N/A
P0259,C1855,599.0,INR,PAYMENT_TIMEOUT,Customer session expired at gateway,0,0.5,0,ACTIVE,0.24,1,False,CREATE_PAYMENT_LINK,True,FAIL
P0260,C1368,799.0,INR,PAYMENT_TIMEOUT,Customer session expired at gateway,0,0.78,16,PAST_DUE,3.29,0,False,RETRY_PAYMENT,True,SUCCESS
P0261,C1636,3499.0,INR,CHECKOUT_ABANDONED,Checkout closed at payment step,0,0.87,21,NONE,0.05,0,False,CREATE_PAYMENT_LINK,True,EXPIRED
P0262,C1060,7999.0,INR,CHECKOUT_ABANDONED,Customer left checkout before paying,0,0.69,26,NONE,0.05,0,False,CREATE_PAYMENT_LINK,True,EXPIRED
P0263,C1908,199.0,INR,INSUFFICIENT_FUNDS,Card declined: insufficient balance,0,0.63,8,NONE,4.09,0,False,WAIT_AND_RETRY,True,FAIL
P0264,C1744,3999.0,INR,PAYMENT_TIMEOUT,Payment session timed out before completion,0,0.62,21,NONE,4.69,0,False,RETRY_PAYMENT,True,FAIL
P0265,C1872,9999.0,INR,AUTH_FAILURE,Customer did not complete OTP verification,0,0.5,0,PAST_DUE,0.17,0,False,CREATE_PAYMENT_LINK,True,EXPIRED
P0266,C1586,6999.0,INR,BANK_ERROR,Bank system unavailable (5xx),0,0.82,15,NONE,0.06,0,False,RETRY_PAYMENT,True,SUCCESS
P0267,C1633,1299.0,INR,PAYMENT_TIMEOUT,Customer session expired at gateway,0,0.85,2,NONE,7.17,0,False,ESCALATE_TO_HUMAN,False,N/A
P0268,C1614,3999.0,INR,INSUFFICIENT_FUNDS,Card declined: insufficient balance,0,0.85,29,NONE,2.17,0,False,WAIT_AND_RETRY,True,SUCCESS
P0269,C1841,4999.0,INR,INSUFFICIENT_FUNDS,Card declined: insufficient balance,0,0.62,35,ACTIVE,0.05,0,False,WAIT_AND_RETRY,True,FAIL
P0270,C1948,3999.0,INR,BANK_ERROR,Issuer returned a temporary processing error,0,0.82,21,NONE,4.91,0,False,RETRY_PAYMENT,True,FAIL
P0271,C1181,8999.0,INR,BANK_TIMEOUT,Issuing bank did not respond in time,0,0.94,27,NONE,0.17,0,False,RETRY_PAYMENT,True,SUCCESS
P0272,C1301,599.0,INR,SUBSCRIPTION_FAILURE,Auto-debit for subscription cycle declined,0,0.7,17,ACTIVE,0.17,0,False,RETRY_PAYMENT,True,SUCCESS
P0273,C1353,999.0,INR,CHECKOUT_ABANDONED,Customer left checkout before paying,0,0.78,35,NONE,0.2,0,False,CREATE_PAYMENT_LINK,True,SUCCESS
P0274,C1827,1299.0,INR,INSUFFICIENT_FUNDS,Insufficient funds in account,0,0.78,34,NONE,5.9,0,False,WAIT_AND_RETRY,True,SUCCESS
P0275,C1367,4999.0,INR,INSUFFICIENT_FUNDS,Card declined: insufficient balance,1,0.88,16,ACTIVE,0.05,0,False,WAIT_AND_RETRY,True,SUCCESS
P0276,C1396,1999.0,INR,PAYMENT_TIMEOUT,Customer session expired at gateway,1,0.89,18,PAST_DUE,2.37,0,False,RETRY_PAYMENT,True,SUCCESS
P0277,C1559,7999.0,INR,SUBSCRIPTION_FAILURE,Recurring mandate debit failed,0,1.0,14,PAST_DUE,0.46,0,False,RETRY_PAYMENT,True,SUCCESS
P0278,C1133,1299.0,INR,BANK_ERROR,Issuer returned a temporary processing error,0,0.73,2,NONE,0.8,0,False,RETRY_PAYMENT,True,SUCCESS
P0279,C1538,4999.0,INR,SUBSCRIPTION_FAILURE,Recurring mandate debit failed,0,0.9,31,PAST_DUE,0.2,1,False,RETRY_PAYMENT,True,SUCCESS
P0280,C1973,599.0,INR,INSUFFICIENT_FUNDS,Card declined: insufficient balance,0,0.67,21,NONE,7.91,2,True,MARK_UNRECOVERABLE,False,N/A
P0281,C1395,599.0,INR,PAYMENT_TIMEOUT,Customer session expired at gateway,2,0.8,2,NONE,7.63,0,False,ESCALATE_TO_HUMAN,False,N/A
P0282,C1667,1999.0,INR,REPEATED_FAILURE,Multiple consecutive failures on this payment,2,0.73,28,NONE,2.01,1,False,ESCALATE_TO_HUMAN,False,N/A
P0283,C1434,199.0,INR,CARD_BLOCKED,Card blocked by issuer,1,1.0,40,NONE,0.51,0,False,ESCALATE_TO_HUMAN,False,N/A
P0284,C1038,2999.0,INR,REPEATED_FAILURE,Multiple consecutive failures on this payment,2,0.94,9,NONE,0.04,1,False,ESCALATE_TO_HUMAN,False,N/A
P0285,C1547,799.0,INR,AUTH_FAILURE,3-D Secure / OTP authentication failed,0,0.69,26,ACTIVE,0.06,0,False,CREATE_PAYMENT_LINK,True,SUCCESS
P0286,C1448,799.0,INR,SUBSCRIPTION_FAILURE,Auto-debit for subscription cycle declined,0,0.99,38,PAST_DUE,3.39,0,False,RETRY_PAYMENT,True,SUCCESS
P0287,C1814,8999.0,INR,REPEATED_FAILURE,Card declined repeatedly by issuer,2,0.93,18,NONE,0.01,0,False,ESCALATE_TO_HUMAN,False,N/A
P0288,C1766,8999.0,INR,BANK_TIMEOUT,Gateway timeout while contacting issuer,2,0.83,35,NONE,0.48,0,False,ESCALATE_TO_HUMAN,False,N/A
P0289,C1660,799.0,INR,BANK_ERROR,Issuer returned a temporary processing error,0,1.0,12,PAST_DUE,1.07,0,False,RETRY_PAYMENT,True,SUCCESS
P0290,C1325,599.0,INR,CARD_BLOCKED,Do-not-honour response from issuer,0,1.0,6,ACTIVE,4.66,0,False,ESCALATE_TO_HUMAN,False,N/A
P0291,C1656,999.0,INR,BANK_TIMEOUT,Gateway timeout while contacting issuer,1,0.91,27,NONE,1.14,0,False,RETRY_PAYMENT,True,FAIL
P0292,C1861,799.0,INR,EXPIRED_CARD,Saved card has passed its expiry date,0,0.96,31,ACTIVE,0.23,0,False,CREATE_PAYMENT_LINK,True,FAIL
P0293,C1266,2499.0,INR,SUBSCRIPTION_FAILURE,Auto-debit for subscription cycle declined,0,0.62,37,ACTIVE,0.19,0,False,CREATE_PAYMENT_LINK,True,EXPIRED
P0294,C1868,1299.0,INR,EXPIRED_CARD,Card expired,0,0.73,23,NONE,5.99,0,False,CREATE_PAYMENT_LINK,True,FAIL
P0295,C1043,5999.0,INR,BANK_TIMEOUT,Issuing bank did not respond in time,0,0.88,2,NONE,8.14,0,False,ESCALATE_TO_HUMAN,False,N/A
P0296,C1849,999.0,INR,EXPIRED_CARD,Saved card has passed its expiry date,1,1.0,6,NONE,1.03,0,False,CREATE_PAYMENT_LINK,True,SUCCESS
P0297,C1836,11999.0,INR,AUTH_FAILURE,Customer did not complete OTP verification,0,0.85,33,NONE,5.59,1,True,MARK_UNRECOVERABLE,False,N/A
P0298,C1153,599.0,INR,SUBSCRIPTION_FAILURE,Recurring mandate debit failed,0,1.0,4,ACTIVE,0.19,0,False,RETRY_PAYMENT,True,SUCCESS
P0299,C1249,7999.0,INR,CHECKOUT_ABANDONED,Customer left checkout before paying,0,0.65,30,NONE,0.21,0,False,CREATE_PAYMENT_LINK,True,SUCCESS
P0300,C1992,799.0,INR,AUTH_FAILURE,3-D Secure / OTP authentication failed,0,0.88,11,NONE,1.18,0,False,CREATE_PAYMENT_LINK,True,EXPIRED
P0301,C1741,499.0,INR,BANK_ERROR,Bank system unavailable (5xx),0,0.89,37,NONE,5.19,0,False,RETRY_PAYMENT,True,SUCCESS
P0302,C1181,1999.0,INR,BANK_TIMEOUT,Gateway timeout while contacting issuer,1,0.76,26,NONE,0.01,0,False,RETRY_PAYMENT,True,SUCCESS
P0303,C1234,9999.0,INR,PAYMENT_TIMEOUT,Customer session expired at gateway,0,0.71,27,NONE,2.82,1,False,RETRY_PAYMENT,True,FAIL
P0304,C1085,799.0,INR,AUTH_FAILURE,Customer did not complete OTP verification,1,0.83,30,NONE,6.74,0,False,CREATE_PAYMENT_LINK,True,EXPIRED
P0305,C1267,599.0,INR,BANK_TIMEOUT,Gateway timeout while contacting issuer,0,0.79,20,NONE,2.09,2,False,ESCALATE_TO_HUMAN,False,N/A
P0306,C1495,1999.0,INR,BANK_ERROR,Bank system unavailable (5xx),0,0.89,30,NONE,1.03,1,False,RETRY_PAYMENT,True,SUCCESS
P0307,C1804,599.0,INR,SUBSCRIPTION_FAILURE,Auto-debit for subscription cycle declined,0,0.93,28,PAST_DUE,7.32,0,False,ESCALATE_TO_HUMAN,False,N/A
P0308,C1090,2999.0,INR,INSUFFICIENT_FUNDS,Insufficient funds in account,0,0.49,9,NONE,0.89,0,False,CREATE_PAYMENT_LINK,True,FAIL
P0309,C1823,199.0,INR,AUTH_FAILURE,Customer did not complete OTP verification,0,0.75,11,NONE,0.41,0,False,CREATE_PAYMENT_LINK,True,SUCCESS
P0310,C1798,599.0,INR,BANK_ERROR,Bank system unavailable (5xx),3,0.5,0,PAST_DUE,2.14,0,False,ESCALATE_TO_HUMAN,False,N/A
P0311,C1936,2999.0,INR,BANK_TIMEOUT,Gateway timeout while contacting issuer,0,0.73,35,NONE,2.37,0,False,RETRY_PAYMENT,True,SUCCESS
P0312,C1969,799.0,INR,SUBSCRIPTION_FAILURE,Recurring mandate debit failed,0,0.79,11,ACTIVE,8.28,1,False,ESCALATE_TO_HUMAN,False,N/A
P0313,C1984,6999.0,INR,AUTH_FAILURE,Customer did not complete OTP verification,0,0.89,36,PAST_DUE,5.79,1,False,CREATE_PAYMENT_LINK,True,SUCCESS
P0314,C1717,3999.0,INR,INSUFFICIENT_FUNDS,Card declined: insufficient balance,0,0.9,14,NONE,0.46,0,False,WAIT_AND_RETRY,True,SUCCESS
P0315,C1187,999.0,INR,AUTH_FAILURE,3-D Secure / OTP authentication failed,0,0.7,22,NONE,5.47,0,False,CREATE_PAYMENT_LINK,True,SUCCESS
P0316,C1504,5999.0,INR,BANK_ERROR,Issuer returned a temporary processing error,0,0.86,9,NONE,8.28,1,False,ESCALATE_TO_HUMAN,False,N/A
P0317,C1523,15999.0,INR,INSUFFICIENT_FUNDS,Card declined: insufficient balance,0,0.78,31,NONE,2.67,0,False,ESCALATE_TO_HUMAN,False,N/A
P0318,C1715,1999.0,INR,CHECKOUT_ABANDONED,Checkout closed at payment step,1,0.7,2,ACTIVE,2.15,0,False,CREATE_PAYMENT_LINK,True,EXPIRED
P0319,C1627,1999.0,INR,AUTH_FAILURE,Customer did not complete OTP verification,0,0.85,16,NONE,1.75,0,False,CREATE_PAYMENT_LINK,True,EXPIRED
P0320,C1568,499.0,INR,INSUFFICIENT_FUNDS,Card declined: insufficient balance,1,0.74,36,NONE,2.64,1,False,WAIT_AND_RETRY,True,SUCCESS
P0321,C1804,499.0,INR,BANK_TIMEOUT,Gateway timeout while contacting issuer,0,0.6,40,NONE,0.9,1,False,RETRY_PAYMENT,True,SUCCESS
P0322,C1368,799.0,INR,BANK_ERROR,Bank system unavailable (5xx),1,0.89,30,NONE,1.62,0,False,RETRY_PAYMENT,True,FAIL
P0323,C1332,1999.0,INR,BANK_ERROR,Bank system unavailable (5xx),3,0.79,11,NONE,5.78,0,False,ESCALATE_TO_HUMAN,False,N/A
P0324,C1869,499.0,INR,AUTH_FAILURE,3-D Secure / OTP authentication failed,0,0.9,40,NONE,0.04,0,False,CREATE_PAYMENT_LINK,True,SUCCESS
P0325,C1765,4999.0,INR,INSUFFICIENT_FUNDS,Card declined: insufficient balance,1,0.72,28,NONE,2.6,1,False,WAIT_AND_RETRY,True,SUCCESS
P0326,C1561,2999.0,INR,BANK_ERROR,Issuer returned a temporary processing error,0,0.88,13,NONE,0.01,0,False,RETRY_PAYMENT,True,SUCCESS
P0327,C1453,1299.0,INR,AUTH_FAILURE,3-D Secure / OTP authentication failed,0,0.91,19,NONE,0.2,0,False,CREATE_PAYMENT_LINK,True,SUCCESS
P0328,C1552,7999.0,INR,SUBSCRIPTION_FAILURE,Recurring mandate debit failed,0,1.0,34,CANCELLED,5.26,0,False,MARK_UNRECOVERABLE,False,N/A
P0329,C1452,4999.0,INR,EXPIRED_CARD,Saved card has passed its expiry date,0,0.77,22,ACTIVE,1.93,0,True,MARK_UNRECOVERABLE,False,N/A
P0330,C1773,3499.0,INR,EXPIRED_CARD,Saved card has passed its expiry date,1,0.81,22,NONE,0.8,0,False,CREATE_PAYMENT_LINK,True,SUCCESS
P0331,C1848,1299.0,INR,BANK_TIMEOUT,Gateway timeout while contacting issuer,0,1.0,35,PAST_DUE,0.45,0,False,RETRY_PAYMENT,True,SUCCESS
P0332,C1070,4999.0,INR,SUBSCRIPTION_FAILURE,Recurring mandate debit failed,0,0.74,18,ACTIVE,0.18,0,False,RETRY_PAYMENT,True,SUCCESS
P0333,C1190,199.0,INR,AUTH_FAILURE,3-D Secure / OTP authentication failed,0,0.7,9,NONE,0.91,0,False,CREATE_PAYMENT_LINK,True,SUCCESS
P0334,C1810,999.0,INR,BANK_TIMEOUT,Issuing bank did not respond in time,3,0.75,26,NONE,1.66,0,False,ESCALATE_TO_HUMAN,False,N/A
P0335,C1256,1999.0,INR,INSUFFICIENT_FUNDS,Card declined: insufficient balance,0,1.0,30,NONE,0.01,1,False,WAIT_AND_RETRY,True,FAIL
P0336,C1484,2499.0,INR,EXPIRED_CARD,Saved card has passed its expiry date,0,0.6,12,NONE,1.17,0,False,CREATE_PAYMENT_LINK,True,EXPIRED
P0337,C1996,799.0,INR,BANK_TIMEOUT,Issuing bank did not respond in time,0,0.91,12,ACTIVE,0.53,0,False,RETRY_PAYMENT,True,SUCCESS
P0338,C1254,2499.0,INR,BANK_TIMEOUT,Issuing bank did not respond in time,1,0.65,2,ACTIVE,4.18,0,False,RETRY_PAYMENT,True,FAIL
P0339,C1324,499.0,INR,AUTH_FAILURE,Customer did not complete OTP verification,1,0.74,34,ACTIVE,5.47,0,False,CREATE_PAYMENT_LINK,True,EXPIRED
P0340,C1331,8999.0,INR,BANK_TIMEOUT,Gateway timeout while contacting issuer,0,0.68,18,NONE,1.15,0,False,RETRY_PAYMENT,True,SUCCESS
P0341,C1751,799.0,INR,EXPIRED_CARD,Card expired,0,0.8,34,PAST_DUE,0.01,0,False,CREATE_PAYMENT_LINK,True,SUCCESS
P0342,C1330,24999.0,INR,BANK_TIMEOUT,Gateway timeout while contacting issuer,0,0.68,12,NONE,1.69,0,False,ESCALATE_TO_HUMAN,False,N/A
P0343,C1584,199.0,INR,CHECKOUT_ABANDONED,Checkout closed at payment step,0,0.82,12,ACTIVE,5.05,0,False,CREATE_PAYMENT_LINK,True,FAIL
P0344,C1369,14999.0,INR,BANK_TIMEOUT,Gateway timeout while contacting issuer,0,1.0,31,NONE,2.24,0,False,ESCALATE_TO_HUMAN,False,N/A
P0345,C1099,4999.0,INR,EXPIRED_CARD,Card expired,2,0.73,4,NONE,0.51,0,False,ESCALATE_TO_HUMAN,False,N/A
P0346,C1366,3499.0,INR,BANK_ERROR,Bank system unavailable (5xx),0,0.85,35,NONE,3.46,0,False,RETRY_PAYMENT,True,SUCCESS
P0347,C1332,1499.0,INR,INSUFFICIENT_FUNDS,Card declined: insufficient balance,2,0.69,22,NONE,3.32,0,False,ESCALATE_TO_HUMAN,False,N/A
P0348,C1458,599.0,INR,AUTH_FAILURE,Customer did not complete OTP verification,0,0.88,24,NONE,0.01,2,False,ESCALATE_TO_HUMAN,False,N/A
P0349,C1022,15999.0,INR,EXPIRED_CARD,Saved card has passed its expiry date,0,0.5,0,PAST_DUE,7.03,0,False,ESCALATE_TO_HUMAN,False,N/A
P0350,C1255,499.0,INR,BANK_TIMEOUT,Issuing bank did not respond in time,0,0.51,8,NONE,1.12,0,False,CREATE_PAYMENT_LINK,True,FAIL
P0351,C1609,3499.0,INR,REPEATED_FAILURE,Card declined repeatedly by issuer,2,0.96,31,NONE,0.01,0,False,ESCALATE_TO_HUMAN,False,N/A
P0352,C1890,5999.0,INR,BANK_TIMEOUT,Issuing bank did not respond in time,0,0.65,27,NONE,0.01,0,False,RETRY_PAYMENT,True,SUCCESS
P0353,C1994,999.0,INR,INSUFFICIENT_FUNDS,Card declined: insufficient balance,1,0.82,32,NONE,5.85,0,False,WAIT_AND_RETRY,True,SUCCESS
P0354,C1792,199.0,INR,INSUFFICIENT_FUNDS,Insufficient funds in account,0,0.77,35,PAST_DUE,0.2,0,False,WAIT_AND_RETRY,True,FAIL
P0355,C1091,14999.0,INR,AUTH_FAILURE,3-D Secure / OTP authentication failed,0,1.0,15,NONE,2.91,0,False,ESCALATE_TO_HUMAN,False,N/A
P0356,C1822,799.0,INR,AUTH_FAILURE,Customer did not complete OTP verification,3,0.96,10,NONE,0.2,1,False,ESCALATE_TO_HUMAN,False,N/A
P0357,C1014,299.0,INR,PAYMENT_TIMEOUT,Customer session expired at gateway,0,0.84,7,PAST_DUE,0.05,0,False,RETRY_PAYMENT,True,FAIL
P0358,C1144,799.0,INR,BANK_ERROR,Issuer returned a temporary processing error,0,0.74,35,NONE,3.1,0,False,RETRY_PAYMENT,True,SUCCESS
P0359,C1678,4999.0,INR,INSUFFICIENT_FUNDS,Card declined: insufficient balance,0,0.5,3,NONE,0.04,1,False,WAIT_AND_RETRY,True,SUCCESS
P0360,C1090,11999.0,INR,INSUFFICIENT_FUNDS,Insufficient funds in account,0,0.93,20,NONE,0.5,0,False,ESCALATE_TO_HUMAN,False,N/A
P0361,C1360,1999.0,INR,BANK_TIMEOUT,Gateway timeout while contacting issuer,0,0.77,19,NONE,0.89,2,False,ESCALATE_TO_HUMAN,False,N/A
P0362,C1230,6999.0,INR,CHECKOUT_ABANDONED,Customer left checkout before paying,2,0.98,1,NONE,2.32,0,False,ESCALATE_TO_HUMAN,False,N/A
P0363,C1337,14999.0,INR,INSUFFICIENT_FUNDS,Card declined: insufficient balance,3,0.86,26,NONE,5.97,0,False,ESCALATE_TO_HUMAN,False,N/A
P0364,C1931,499.0,INR,PAYMENT_TIMEOUT,Payment session timed out before completion,1,0.94,19,NONE,3.59,2,False,ESCALATE_TO_HUMAN,False,N/A
P0365,C1900,19999.0,INR,SUBSCRIPTION_FAILURE,Recurring mandate debit failed,0,0.51,4,ACTIVE,0.01,1,False,ESCALATE_TO_HUMAN,False,N/A
P0366,C1026,799.0,INR,INSUFFICIENT_FUNDS,Card declined: insufficient balance,1,0.72,9,ACTIVE,0.52,0,False,WAIT_AND_RETRY,True,SUCCESS
P0367,C1033,1499.0,INR,REPEATED_FAILURE,Card declined repeatedly by issuer,2,0.91,23,ACTIVE,0.01,2,False,ESCALATE_TO_HUMAN,False,N/A
P0368,C1449,599.0,INR,PAYMENT_TIMEOUT,Customer session expired at gateway,0,0.99,4,NONE,2.29,1,False,RETRY_PAYMENT,True,FAIL
P0369,C1896,5999.0,INR,AUTH_FAILURE,3-D Secure / OTP authentication failed,0,0.66,25,NONE,5.91,0,False,CREATE_PAYMENT_LINK,True,EXPIRED
P0370,C1985,9999.0,INR,EXPIRED_CARD,Card expired,0,0.69,35,NONE,0.46,0,False,CREATE_PAYMENT_LINK,True,EXPIRED
P0371,C1184,2499.0,INR,INSUFFICIENT_FUNDS,Insufficient funds in account,0,0.99,33,ACTIVE,2.9,0,False,WAIT_AND_RETRY,True,FAIL
P0372,C1928,1499.0,INR,PAYMENT_TIMEOUT,Payment session timed out before completion,0,0.75,5,NONE,0.04,0,False,RETRY_PAYMENT,True,SUCCESS
P0373,C1934,8999.0,INR,PAYMENT_TIMEOUT,Customer session expired at gateway,0,0.99,39,NONE,0.17,0,False,RETRY_PAYMENT,True,SUCCESS
P0374,C1983,7999.0,INR,INSUFFICIENT_FUNDS,Insufficient funds in account,0,0.8,18,ACTIVE,0.01,0,False,WAIT_AND_RETRY,True,FAIL
P0375,C1615,1499.0,INR,AUTH_FAILURE,3-D Secure / OTP authentication failed,0,0.9,15,NONE,0.58,0,False,CREATE_PAYMENT_LINK,True,EXPIRED
P0376,C1339,999.0,INR,BANK_ERROR,Issuer returned a temporary processing error,0,1.0,2,PAST_DUE,0.01,2,False,ESCALATE_TO_HUMAN,False,N/A
P0377,C1330,8999.0,INR,INSUFFICIENT_FUNDS,Card declined: insufficient balance,0,1.0,11,PAST_DUE,3.38,0,False,WAIT_AND_RETRY,True,SUCCESS
P0378,C1712,799.0,INR,EXPIRED_CARD,Card expired,0,0.8,21,NONE,0.01,0,False,CREATE_PAYMENT_LINK,True,EXPIRED
P0379,C1362,15999.0,INR,PAYMENT_TIMEOUT,Payment session timed out before completion,0,0.75,27,NONE,5.04,0,False,ESCALATE_TO_HUMAN,False,N/A
P0380,C1755,4999.0,INR,BANK_ERROR,Issuer returned a temporary processing error,0,0.77,12,ACTIVE,2.9,0,False,RETRY_PAYMENT,True,SUCCESS
P0381,C1006,799.0,INR,BANK_TIMEOUT,Issuing bank did not respond in time,0,0.88,16,NONE,1.87,0,False,RETRY_PAYMENT,True,SUCCESS
P0382,C1661,999.0,INR,BANK_ERROR,Issuer returned a temporary processing error,2,0.73,30,NONE,4.31,0,False,ESCALATE_TO_HUMAN,False,N/A
P0383,C1548,1299.0,INR,SUBSCRIPTION_FAILURE,Recurring mandate debit failed,1,0.91,3,ACTIVE,0.52,0,False,RETRY_PAYMENT,True,FAIL
P0384,C1862,199.0,INR,BANK_TIMEOUT,Issuing bank did not respond in time,3,0.74,21,NONE,2.62,0,False,ESCALATE_TO_HUMAN,False,N/A
P0385,C1973,2499.0,INR,INSUFFICIENT_FUNDS,Card declined: insufficient balance,0,0.7,17,NONE,0.51,0,False,WAIT_AND_RETRY,True,SUCCESS
P0386,C1157,1999.0,INR,BANK_ERROR,Issuer returned a temporary processing error,1,0.94,1,NONE,2.34,0,False,RETRY_PAYMENT,True,FAIL
P0387,C1118,8999.0,INR,BANK_TIMEOUT,Issuing bank did not respond in time,0,0.86,8,NONE,1.17,0,False,RETRY_PAYMENT,True,SUCCESS
P0388,C1654,1999.0,INR,EXPIRED_CARD,Card expired,0,0.89,19,NONE,1.76,0,False,CREATE_PAYMENT_LINK,True,FAIL
P0389,C1104,299.0,INR,INSUFFICIENT_FUNDS,Insufficient funds in account,2,0.5,0,NONE,6.58,0,False,ESCALATE_TO_HUMAN,False,N/A
P0390,C1133,599.0,INR,PAYMENT_TIMEOUT,Payment session timed out before completion,0,1.0,10,NONE,5.81,0,False,RETRY_PAYMENT,True,SUCCESS
P0391,C1202,7999.0,INR,INSUFFICIENT_FUNDS,Insufficient funds in account,0,0.94,39,NONE,5.14,0,False,WAIT_AND_RETRY,True,FAIL
P0392,C1934,1499.0,INR,BANK_TIMEOUT,Gateway timeout while contacting issuer,1,0.86,30,NONE,2.62,1,False,RETRY_PAYMENT,True,FAIL
P0393,C1866,299.0,INR,INSUFFICIENT_FUNDS,Insufficient funds in account,0,0.96,30,NONE,1.11,0,False,WAIT_AND_RETRY,True,SUCCESS
P0394,C1423,5999.0,INR,CHECKOUT_ABANDONED,Customer left checkout before paying,0,0.69,35,NONE,0.51,2,False,ESCALATE_TO_HUMAN,False,N/A
P0395,C1710,6999.0,INR,INSUFFICIENT_FUNDS,Insufficient funds in account,0,0.64,27,NONE,0.21,0,False,WAIT_AND_RETRY,True,FAIL
P0396,C1071,7999.0,INR,EXPIRED_CARD,Card expired,0,0.59,20,NONE,2.79,0,False,CREATE_PAYMENT_LINK,True,SUCCESS
P0397,C1298,2499.0,INR,BANK_TIMEOUT,Gateway timeout while contacting issuer,1,0.76,9,NONE,4.39,0,False,RETRY_PAYMENT,True,SUCCESS
P0398,C1867,1299.0,INR,SUBSCRIPTION_FAILURE,Recurring mandate debit failed,0,1.0,22,PAST_DUE,0.82,1,False,RETRY_PAYMENT,True,SUCCESS
P0399,C1640,11999.0,INR,AUTH_FAILURE,Customer did not complete OTP verification,1,0.84,18,PAST_DUE,2.89,0,False,ESCALATE_TO_HUMAN,False,N/A
P0400,C1893,1999.0,INR,BANK_ERROR,Issuer returned a temporary processing error,0,0.93,24,NONE,0.16,0,False,RETRY_PAYMENT,True,FAIL
P0401,C1880,12999.0,INR,PAYMENT_TIMEOUT,Customer session expired at gateway,0,0.73,5,NONE,3.15,0,False,ESCALATE_TO_HUMAN,False,N/A
P0402,C1729,599.0,INR,CHECKOUT_ABANDONED,Checkout closed at payment step,0,0.83,11,NONE,3.51,0,False,CREATE_PAYMENT_LINK,True,SUCCESS
P0403,C1879,1499.0,INR,EXPIRED_CARD,Saved card has passed its expiry date,0,0.86,5,NONE,5.03,0,False,CREATE_PAYMENT_LINK,True,SUCCESS
P0404,C1547,2999.0,INR,AUTH_FAILURE,3-D Secure / OTP authentication failed,0,0.66,40,NONE,4.91,1,False,CREATE_PAYMENT_LINK,True,SUCCESS
P0405,C1611,15999.0,INR,INSUFFICIENT_FUNDS,Card declined: insufficient balance,0,0.8,18,NONE,0.82,0,False,ESCALATE_TO_HUMAN,False,N/A
P0406,C1258,9999.0,INR,BANK_TIMEOUT,Issuing bank did not respond in time,0,0.77,18,NONE,0.91,0,False,RETRY_PAYMENT,True,SUCCESS
P0407,C1717,7999.0,INR,SUBSCRIPTION_FAILURE,Recurring mandate debit failed,1,0.86,23,ACTIVE,4.36,0,False,RETRY_PAYMENT,True,FAIL
P0408,C1743,3499.0,INR,CARD_BLOCKED,Card blocked by issuer,0,0.85,31,NONE,0.52,1,False,ESCALATE_TO_HUMAN,False,N/A
P0409,C1487,2499.0,INR,INSUFFICIENT_FUNDS,Insufficient funds in account,0,0.7,10,NONE,3.22,0,False,WAIT_AND_RETRY,True,FAIL
P0410,C1979,1499.0,INR,INSUFFICIENT_FUNDS,Card declined: insufficient balance,1,0.68,24,PAST_DUE,0.93,0,False,WAIT_AND_RETRY,True,FAIL
P0411,C1693,3999.0,INR,INSUFFICIENT_FUNDS,Insufficient funds in account,1,0.5,37,NONE,2.04,0,False,WAIT_AND_RETRY,True,SUCCESS
P0412,C1058,1499.0,INR,BANK_TIMEOUT,Issuing bank did not respond in time,0,0.87,22,ACTIVE,0.05,0,False,RETRY_PAYMENT,True,SUCCESS
P0413,C1478,12999.0,INR,PAYMENT_TIMEOUT,Payment session timed out before completion,1,0.97,7,NONE,5.85,0,False,ESCALATE_TO_HUMAN,False,N/A
P0414,C1340,5999.0,INR,SUBSCRIPTION_FAILURE,Recurring mandate debit failed,1,0.88,16,ACTIVE,1.18,0,False,RETRY_PAYMENT,True,SUCCESS
P0415,C1441,3499.0,INR,SUBSCRIPTION_FAILURE,Recurring mandate debit failed,0,0.9,31,PAST_DUE,0.06,0,False,RETRY_PAYMENT,True,SUCCESS
P0416,C1680,1499.0,INR,AUTH_FAILURE,Customer did not complete OTP verification,0,0.92,1,NONE,0.86,0,False,CREATE_PAYMENT_LINK,True,SUCCESS
P0417,C1831,7999.0,INR,PAYMENT_TIMEOUT,Payment session timed out before completion,0,0.8,27,NONE,6.23,0,False,RETRY_PAYMENT,True,FAIL
P0418,C1092,999.0,INR,BANK_TIMEOUT,Gateway timeout while contacting issuer,0,0.79,21,NONE,7.99,0,False,ESCALATE_TO_HUMAN,False,N/A
P0419,C1676,599.0,INR,REPEATED_FAILURE,Multiple consecutive failures on this payment,2,0.71,11,NONE,1.08,1,False,ESCALATE_TO_HUMAN,False,N/A
P0420,C1500,1499.0,INR,INSUFFICIENT_FUNDS,Card declined: insufficient balance,1,0.91,12,NONE,0.06,0,False,WAIT_AND_RETRY,True,FAIL
P0421,C1738,9999.0,INR,CHECKOUT_ABANDONED,Customer left checkout before paying,0,0.93,2,NONE,2.54,1,False,CREATE_PAYMENT_LINK,True,FAIL
P0422,C1940,599.0,INR,SUBSCRIPTION_FAILURE,Recurring mandate debit failed,0,0.93,4,ACTIVE,0.54,0,False,RETRY_PAYMENT,True,SUCCESS
P0423,C1837,7999.0,INR,INSUFFICIENT_FUNDS,Insufficient funds in account,0,0.87,39,NONE,0.05,1,False,WAIT_AND_RETRY,True,FAIL
P0424,C1987,6999.0,INR,INSUFFICIENT_FUNDS,Insufficient funds in account,0,1.0,20,NONE,0.01,0,False,WAIT_AND_RETRY,True,SUCCESS
P0425,C1041,8999.0,INR,INSUFFICIENT_FUNDS,Insufficient funds in account,0,1.0,10,NONE,0.06,0,False,WAIT_AND_RETRY,True,SUCCESS
P0426,C1710,199.0,INR,SUBSCRIPTION_FAILURE,Auto-debit for subscription cycle declined,0,1.0,11,ACTIVE,0.18,0,False,RETRY_PAYMENT,True,SUCCESS
P0427,C1973,2499.0,INR,SUBSCRIPTION_FAILURE,Recurring mandate debit failed,0,0.74,38,ACTIVE,0.94,0,False,RETRY_PAYMENT,True,SUCCESS
P0428,C1198,999.0,INR,EXPIRED_CARD,Card expired,0,0.68,34,ACTIVE,0.21,2,False,ESCALATE_TO_HUMAN,False,N/A
P0429,C1445,2499.0,INR,BANK_ERROR,Bank system unavailable (5xx),0,0.84,3,NONE,2.09,1,False,RETRY_PAYMENT,True,SUCCESS
P0430,C1606,499.0,INR,BANK_TIMEOUT,Gateway timeout while contacting issuer,1,0.78,1,NONE,2.64,0,False,RETRY_PAYMENT,True,FAIL
P0431,C1599,1299.0,INR,INSUFFICIENT_FUNDS,Card declined: insufficient balance,0,0.86,12,PAST_DUE,0.01,0,False,WAIT_AND_RETRY,True,SUCCESS
P0432,C1287,599.0,INR,INSUFFICIENT_FUNDS,Insufficient funds in account,0,0.78,40,ACTIVE,0.06,0,False,WAIT_AND_RETRY,True,SUCCESS
P0433,C1088,3499.0,INR,SUBSCRIPTION_FAILURE,Auto-debit for subscription cycle declined,3,0.94,36,CANCELLED,6.97,2,False,ESCALATE_TO_HUMAN,False,N/A
P0434,C1968,1299.0,INR,CHECKOUT_ABANDONED,Customer left checkout before paying,0,0.85,15,NONE,0.01,0,False,CREATE_PAYMENT_LINK,True,EXPIRED
P0435,C1709,299.0,INR,INSUFFICIENT_FUNDS,Card declined: insufficient balance,0,1.0,28,ACTIVE,0.43,0,False,WAIT_AND_RETRY,True,SUCCESS
P0436,C1895,1499.0,INR,EXPIRED_CARD,Saved card has passed its expiry date,0,0.85,36,NONE,0.22,0,False,CREATE_PAYMENT_LINK,True,FAIL
P0437,C1276,19999.0,INR,BANK_TIMEOUT,Issuing bank did not respond in time,0,0.82,33,NONE,0.05,0,False,ESCALATE_TO_HUMAN,False,N/A
P0438,C1179,19999.0,INR,EXPIRED_CARD,Card expired,0,0.96,3,NONE,7.59,0,False,ESCALATE_TO_HUMAN,False,N/A
P0439,C1771,1499.0,INR,BANK_ERROR,Issuer returned a temporary processing error,1,0.94,37,NONE,1.88,0,False,RETRY_PAYMENT,True,SUCCESS
P0440,C1545,1499.0,INR,BANK_TIMEOUT,Gateway timeout while contacting issuer,1,0.77,32,NONE,5.24,1,False,RETRY_PAYMENT,True,FAIL
P0441,C1295,1499.0,INR,CARD_BLOCKED,Card blocked by issuer,0,0.84,5,NONE,0.04,0,False,ESCALATE_TO_HUMAN,False,N/A
P0442,C1430,199.0,INR,BANK_TIMEOUT,Gateway timeout while contacting issuer,2,0.65,18,NONE,0.01,0,False,ESCALATE_TO_HUMAN,False,N/A
P0443,C1805,19999.0,INR,BANK_ERROR,Bank system unavailable (5xx),0,0.96,26,NONE,5.19,0,False,ESCALATE_TO_HUMAN,False,N/A
P0444,C1788,499.0,INR,EXPIRED_CARD,Card expired,0,0.9,19,NONE,0.19,0,False,CREATE_PAYMENT_LINK,True,FAIL
P0445,C1588,12999.0,INR,INSUFFICIENT_FUNDS,Insufficient funds in account,0,0.95,10,PAST_DUE,4.52,0,False,ESCALATE_TO_HUMAN,False,N/A
P0446,C1942,999.0,INR,BANK_TIMEOUT,Issuing bank did not respond in time,0,0.72,9,NONE,3.52,1,False,RETRY_PAYMENT,True,FAIL
P0447,C1966,19999.0,INR,BANK_TIMEOUT,Issuing bank did not respond in time,0,0.98,18,NONE,4.68,0,False,ESCALATE_TO_HUMAN,False,N/A
P0448,C1334,2999.0,INR,BANK_TIMEOUT,Issuing bank did not respond in time,0,1.0,19,NONE,0.52,0,False,RETRY_PAYMENT,True,SUCCESS
P0449,C1502,1499.0,INR,BANK_TIMEOUT,Gateway timeout while contacting issuer,3,0.88,5,NONE,8.24,1,False,ESCALATE_TO_HUMAN,False,N/A
P0450,C1895,5999.0,INR,BANK_TIMEOUT,Issuing bank did not respond in time,0,0.76,24,NONE,0.55,0,False,RETRY_PAYMENT,True,FAIL
P0451,C1088,6999.0,INR,INSUFFICIENT_FUNDS,Insufficient funds in account,0,0.94,26,NONE,0.46,2,False,ESCALATE_TO_HUMAN,False,N/A
P0452,C1727,24999.0,INR,INSUFFICIENT_FUNDS,Insufficient funds in account,0,1.0,5,PAST_DUE,0.44,0,False,ESCALATE_TO_HUMAN,False,N/A
P0453,C1027,4999.0,INR,BANK_TIMEOUT,Issuing bank did not respond in time,0,0.86,31,NONE,0.18,2,False,ESCALATE_TO_HUMAN,False,N/A
P0454,C1504,4999.0,INR,EXPIRED_CARD,Card expired,0,0.99,26,PAST_DUE,2.06,0,False,CREATE_PAYMENT_LINK,True,EXPIRED
P0455,C1595,1999.0,INR,PAYMENT_TIMEOUT,Payment session timed out before completion,0,1.0,36,NONE,0.19,1,False,RETRY_PAYMENT,True,SUCCESS
P0456,C1784,999.0,INR,INSUFFICIENT_FUNDS,Insufficient funds in account,2,0.8,3,NONE,0.05,0,False,ESCALATE_TO_HUMAN,False,N/A
P0457,C1098,4999.0,INR,INSUFFICIENT_FUNDS,Card declined: insufficient balance,1,1.0,17,NONE,0.16,0,False,WAIT_AND_RETRY,True,SUCCESS
P0458,C1628,11999.0,INR,INSUFFICIENT_FUNDS,Insufficient funds in account,0,0.91,13,NONE,2.95,0,False,ESCALATE_TO_HUMAN,False,N/A
P0459,C1611,799.0,INR,SUBSCRIPTION_FAILURE,Auto-debit for subscription cycle declined,0,0.94,23,ACTIVE,0.22,0,False,RETRY_PAYMENT,True,SUCCESS
P0460,C1802,599.0,INR,CHECKOUT_ABANDONED,Customer left checkout before paying,0,0.91,19,NONE,0.04,0,False,CREATE_PAYMENT_LINK,True,SUCCESS
P0461,C1067,2499.0,INR,BANK_TIMEOUT,Gateway timeout while contacting issuer,0,0.91,30,NONE,0.01,1,False,RETRY_PAYMENT,True,SUCCESS
P0462,C1356,999.0,INR,SUBSCRIPTION_FAILURE,Auto-debit for subscription cycle declined,2,1.0,1,CANCELLED,0.23,1,False,ESCALATE_TO_HUMAN,False,N/A
P0463,C1175,199.0,INR,EXPIRED_CARD,Card expired,0,1.0,33,PAST_DUE,0.06,1,False,CREATE_PAYMENT_LINK,True,SUCCESS
P0464,C1417,299.0,INR,PAYMENT_TIMEOUT,Payment session timed out before completion,0,1.0,11,NONE,1.7,0,False,RETRY_PAYMENT,True,FAIL
P0465,C1467,199.0,INR,PAYMENT_TIMEOUT,Customer session expired at gateway,0,0.49,5,PAST_DUE,4.45,0,False,CREATE_PAYMENT_LINK,True,SUCCESS
P0466,C1535,49999.0,INR,CHECKOUT_ABANDONED,Customer left checkout before paying,0,1.0,23,PAST_DUE,0.04,0,False,ESCALATE_TO_HUMAN,False,N/A
P0467,C1609,12999.0,INR,BANK_TIMEOUT,Gateway timeout while contacting issuer,0,1.0,4,ACTIVE,0.04,0,False,ESCALATE_TO_HUMAN,False,N/A
P0468,C1523,4999.0,INR,REPEATED_FAILURE,Card declined repeatedly by issuer,2,0.71,25,NONE,0.22,0,False,ESCALATE_TO_HUMAN,False,N/A
P0469,C1510,3499.0,INR,EXPIRED_CARD,Card expired,0,1.0,1,ACTIVE,0.19,0,False,CREATE_PAYMENT_LINK,True,EXPIRED
P0470,C1351,7999.0,INR,BANK_TIMEOUT,Issuing bank did not respond in time,0,0.92,29,NONE,0.01,1,False,RETRY_PAYMENT,True,SUCCESS
P0471,C1798,199.0,INR,CHECKOUT_ABANDONED,Checkout closed at payment step,0,1.0,2,NONE,0.2,0,False,CREATE_PAYMENT_LINK,True,EXPIRED
P0472,C1506,8999.0,INR,PAYMENT_TIMEOUT,Customer session expired at gateway,0,0.66,36,PAST_DUE,2.21,0,False,RETRY_PAYMENT,True,SUCCESS
P0473,C1365,199.0,INR,BANK_TIMEOUT,Gateway timeout while contacting issuer,0,0.89,40,PAST_DUE,1.65,0,False,RETRY_PAYMENT,True,SUCCESS
P0474,C1884,4999.0,INR,BANK_TIMEOUT,Gateway timeout while contacting issuer,0,0.83,7,NONE,8.12,0,False,ESCALATE_TO_HUMAN,False,N/A
P0475,C1827,24999.0,INR,AUTH_FAILURE,Customer did not complete OTP verification,0,0.88,36,NONE,0.05,0,False,ESCALATE_TO_HUMAN,False,N/A
P0476,C1997,3499.0,INR,CHECKOUT_ABANDONED,Customer left checkout before paying,0,0.73,39,NONE,6.2,0,False,CREATE_PAYMENT_LINK,True,FAIL
P0477,C1437,11999.0,INR,AUTH_FAILURE,3-D Secure / OTP authentication failed,0,1.0,37,PAST_DUE,2.24,0,False,ESCALATE_TO_HUMAN,False,N/A
P0478,C1781,1999.0,INR,CHECKOUT_ABANDONED,Customer left checkout before paying,0,0.9,20,NONE,0.01,0,False,CREATE_PAYMENT_LINK,True,FAIL
P0479,C1787,15999.0,INR,CHECKOUT_ABANDONED,Checkout closed at payment step,0,0.99,40,NONE,0.01,0,False,ESCALATE_TO_HUMAN,False,N/A
P0480,C1866,4999.0,INR,BANK_TIMEOUT,Gateway timeout while contacting issuer,2,0.6,27,NONE,1.13,0,False,ESCALATE_TO_HUMAN,False,N/A
P0481,C1475,299.0,INR,AUTH_FAILURE,Customer did not complete OTP verification,0,1.0,9,PAST_DUE,8.38,0,False,CREATE_PAYMENT_LINK,True,SUCCESS
P0482,C1020,799.0,INR,INSUFFICIENT_FUNDS,Insufficient funds in account,2,0.98,35,NONE,0.05,0,False,ESCALATE_TO_HUMAN,False,N/A
P0483,C1143,11999.0,INR,CARD_BLOCKED,Card blocked by issuer,2,1.0,25,NONE,0.05,0,False,ESCALATE_TO_HUMAN,False,N/A
P0484,C1320,8999.0,INR,PAYMENT_TIMEOUT,Customer session expired at gateway,0,0.78,16,NONE,3.37,0,False,RETRY_PAYMENT,True,SUCCESS
P0485,C1057,799.0,INR,BANK_TIMEOUT,Gateway timeout while contacting issuer,0,0.85,28,NONE,6.65,1,False,RETRY_PAYMENT,True,SUCCESS
P0486,C1926,12999.0,INR,PAYMENT_TIMEOUT,Payment session timed out before completion,0,0.71,23,NONE,0.01,1,False,ESCALATE_TO_HUMAN,False,N/A
P0487,C1397,999.0,INR,AUTH_FAILURE,3-D Secure / OTP authentication failed,0,0.87,7,PAST_DUE,3.51,1,False,CREATE_PAYMENT_LINK,True,FAIL
P0488,C1034,3499.0,INR,INSUFFICIENT_FUNDS,Card declined: insufficient balance,1,0.64,28,NONE,0.06,1,False,WAIT_AND_RETRY,True,SUCCESS
P0489,C1360,2999.0,INR,CHECKOUT_ABANDONED,Checkout closed at payment step,1,0.62,10,NONE,7.67,0,False,CREATE_PAYMENT_LINK,True,SUCCESS
P0490,C1321,3499.0,INR,PAYMENT_TIMEOUT,Payment session timed out before completion,0,0.5,0,NONE,0.04,0,False,CREATE_PAYMENT_LINK,True,FAIL
P0491,C1846,5999.0,INR,CHECKOUT_ABANDONED,Checkout closed at payment step,0,0.61,28,NONE,0.88,0,False,CREATE_PAYMENT_LINK,True,FAIL
P0492,C1928,199.0,INR,SUBSCRIPTION_FAILURE,Recurring mandate debit failed,0,0.88,35,PAST_DUE,4.4,0,False,RETRY_PAYMENT,True,SUCCESS
P0493,C1791,299.0,INR,INSUFFICIENT_FUNDS,Card declined: insufficient balance,0,0.94,23,NONE,4.24,0,False,WAIT_AND_RETRY,True,FAIL
P0494,C1614,1499.0,INR,REPEATED_FAILURE,Multiple consecutive failures on this payment,2,1.0,24,NONE,1.09,0,False,ESCALATE_TO_HUMAN,False,N/A
P0495,C1469,799.0,INR,CHECKOUT_ABANDONED,Customer left checkout before paying,0,0.61,15,NONE,0.01,1,False,CREATE_PAYMENT_LINK,True,EXPIRED
P0496,C1953,799.0,INR,INSUFFICIENT_FUNDS,Insufficient funds in account,0,0.63,4,PAST_DUE,5.82,2,False,ESCALATE_TO_HUMAN,False,N/A
P0497,C1309,2499.0,INR,CARD_BLOCKED,Do-not-honour response from issuer,0,0.5,0,NONE,1.71,1,False,ESCALATE_TO_HUMAN,False,N/A
P0498,C1145,1499.0,INR,BANK_ERROR,Bank system unavailable (5xx),0,0.91,21,NONE,0.05,2,False,ESCALATE_TO_HUMAN,False,N/A
P0499,C1627,999.0,INR,SUSPECTED_FRAUD,Issuer declined: suspected fraud,0,0.79,27,NONE,6.48,1,False,ESCALATE_TO_HUMAN,False,N/A
P0500,C1055,3499.0,INR,SUSPECTED_FRAUD,Transaction flagged by risk engine,1,0.98,35,ACTIVE,0.16,0,False,ESCALATE_TO_HUMAN,False,N/A
